{
	"class_name" : "PinholeCameraParameters",
	"extrinsic" : 
	[
		0.97575934263125608,
		0.21702668321614021,
		-0.028162457989678532,
		0.0,
		0.21786387967570628,
		-0.97548216704451929,
		0.031142763377358978,
		0.0,
		-0.020713164907098548,
		-0.036523424679648003,
		-0.99911811326249189,
		0.0,
		-1.9443086100148912,
		0.9570764651762923,
		5.0889437476241604,
		1.0
	],
	"intrinsic" : 
	{
		"height" : 720,
		"intrinsic_matrix" : 
		[
			623.53829072479584,
			0.0,
			0.0,
			0.0,
			623.53829072479584,
			0.0,
			639.5,
			359.5,
			1.0
		],
		"width" : 1280
	},
	"version_major" : 1,
	"version_minor" : 0
}